{"psnr_list_x2": [31.167396488009757, 44.907847768880345, 35.794075890304974, 35.20883438926654, 45.947233593987875, 36.19513747218703, 34.620960939710045, 37.08403807086904, 49.95245767635785, 35.17739196571356], "psnr_list": [31.15308721506391, 31.8613239328783, 33.44039921171249, 35.57016196963353, 30.51058746637702, 29.571836984361887, 30.87923663082998, 32.46646513282612, 28.524474840872493, 40.91338931892075], "bicubic_avg_x2": 34.611642729195154, "psnr_avg": 31.72048252353522, "psnr_avg_x2": 36.50110857683459}