{"bicubic_avg_x2": 34.611642729195154, "psnr_list_x4": [36.14261153985522, 34.55067773169397, 28.741332919228583, 30.530047779943928, 30.8529147946253, 32.00084402317107, 31.754872930452763, 32.948821234898034, 30.109122481119815, 32.224492488165254], "psnr_avg": 31.72048252353522, "bicubic_avg_x4": 32.02011220010692, "psnr_avg_x4": 32.78418331742835, "psnr_list_x3": [34.31166399266932, 46.45505505711624, 32.02418212895058, 35.02696317103631, 33.58174510377634, 29.45887723074456, 33.97808261115196, 33.07943472736174, 36.53109424593056, 30.856451702297694], "psnr_avg_x2": 36.50110857683459, "psnr_list_x2": [31.167396488009757, 44.907847768880345, 35.794075890304974, 35.20883438926654, 45.947233593987875, 36.19513747218703, 34.620960939710045, 37.08403807086904, 49.95245767635785, 35.17739196571356], "psnr_list": [31.15308721506391, 31.8613239328783, 33.44039921171249, 35.57016196963353, 30.51058746637702, 29.571836984361887, 30.87923663082998, 32.46646513282612, 28.524474840872493, 40.91338931892075], "psnr_avg_x3": 33.88247476915051, "bicubic_avg_x3": 33.36959924490247}