{"psnr_avg": 31.72048252353522, "psnr_list": [31.15308721506391, 31.8613239328783, 33.44039921171249, 35.57016196963353, 30.51058746637702, 29.571836984361887, 30.87923663082998, 32.46646513282612, 28.524474840872493, 40.91338931892075]}