{
    "psnr_list_x4": [
        38.2250818145829,
        34.11120178547448,
        32.25899955755545,
        32.01731748215585,
        34.04083911305997,
        30.940405338767334,
        28.878713722799073,
        31.641591960919953,
        33.800516908987404,
        29.96366339900476
    ],
    "bicubic_avg_x3": 33.41939041967539,
    "bicubic_avg_x2": 34.611642729195154,
    "psnr_avg_x2": 36.50110857683459,
    "psnr_avg_x4": 32.76797646819862,
    "psnr_avg_x3": 34.012923408558166,
    "psnr_list": [
        31.15308721506391,
        31.8613239328783,
        33.44039921171249,
        35.57016196963353,
        30.51058746637702,
        29.571836984361887,
        30.87923663082998,
        32.46646513282612,
        28.524474840872493,
        40.91338931892075
    ],
    "psnr_list_x2": [
        31.167396488009757,
        44.907847768880345,
        35.794075890304974,
        35.20883438926654,
        45.947233593987875,
        36.19513747218703,
        34.620960939710045,
        37.08403807086904,
        49.95245767635785,
        35.17739196571356
    ],
    "psnr_avg": 31.72048252353522,
    "bicubic_avg_x4": 31.994509492249293,
    "psnr_list_x3": [
        41.08920848417388,
        31.58037790894013,
        37.846656541101176,
        34.7481490304859,
        31.65417158832109,
        32.09087011599307,
        32.45411620210702,
        32.508513850477996,
        29.741395107680304,
        30.537705934313244
    ]
}