{
    "psnr_list_x2": [
        30.787338984816337,
        32.18265299308286,
        31.371596101883448,
        35.257308353288714,
        37.23885115205356,
        28.751449024456896,
        35.179676383531074,
        29.781035412060184,
        37.149681530449776,
        33.080040199892856
    ],
    "psnr_list_x3": [
        34.31166399266932,
        46.45505505711624,
        32.02418212895058,
        35.02696317103631,
        33.58174510377634,
        29.45887723074456,
        33.97808261115196,
        33.07943472736174,
        36.53109424593056,
        30.856451702297694
    ],
    "bicubic_avg_x3": 33.36959924490247,
    "psnr_list_x4": [
        36.14261153985522,
        34.55067773169397,
        28.741332919228583,
        30.530047779943928,
        30.8529147946253,
        32.00084402317107,
        31.754872930452763,
        32.948821234898034,
        30.109122481119815,
        32.224492488165254
    ],
    "psnr_list": [
        31.15308721506391,
        31.8613239328783,
        33.44039921171249,
        35.57016196963353,
        30.51058746637702,
        29.571836984361887,
        30.87923663082998,
        32.46646513282612,
        28.524474840872493,
        40.91338931892075
    ],
    "psnr_avg_x3": 33.88247476915051,
    "psnr_avg": 31.72048252353522,
    "psnr_avg_x4": 32.76782852091181,
    "psnr_avg_x2": 36.55249712854038,
    "bicubic_avg_x2": 34.72981878636916,
    "bicubic_avg_x4": 32.04640498158824
}