{
    "psnr_avg_x4": 32.76797646819862,
    "bicubic_avg_x3": 33.41939041967539,
    "psnr_avg": 31.72048252353522,
    "psnr_list": [
        31.15308721506391,
        31.8613239328783,
        33.44039921171249,
        35.57016196963353,
        30.51058746637702,
        29.571836984361887,
        30.87923663082998,
        32.46646513282612,
        28.524474840872493,
        40.91338931892075
    ],
    "psnr_list_x3": [
        41.08920848417388,
        31.58037790894013,
        37.846656541101176,
        34.7481490304859,
        31.65417158832109,
        32.09087011599307,
        32.45411620210702,
        32.508513850477996,
        29.741395107680304,
        30.537705934313244
    ],
    "bicubic_avg_x4": 31.994509492249293,
    "psnr_list_x4": [
        38.2250818145829,
        34.11120178547448,
        32.25899955755545,
        32.01731748215585,
        34.04083911305997,
        30.940405338767334,
        28.878713722799073,
        31.641591960919953,
        33.800516908987404,
        29.96366339900476
    ],
    "bicubic_avg_x2": 34.710294355481324,
    "psnr_list_x2": [
        33.44831991375264,
        35.90486749214966,
        31.022838885424434,
        31.467175244130875,
        33.07617317380921,
        37.04521845478381,
        33.236901807897766,
        39.45930047206409,
        30.98115892297532,
        33.389302018838166
    ],
    "psnr_avg_x3": 34.012923408558166,
    "psnr_avg_x2": 36.52616551797706
}